department,attrition_rate
Sales,0.02033333333333333
Ops,0.0185
Tech,0.004666666666666667
